{
  "dt": 0.001,
  "dr": 0.01,
  "t_max": 50,
  "sigma_0": 98.1,
  "tau_max": 0,
  "q": 0,
  "R1": 1,
  "R2": 10,
  "E": 56000,
  "mu": 0.3,
  "b": 0,
  "n": 1,
  "lambda": 1,
  "mu_1": 0.42,
  "m": 5.40536,
  "c": 2.52316e-15,
  "alpha1": 0.931517198,
  "mAlpha": -0.4279,
  "A1": 19.72,
  "mA": 0,
  "stressTimes": [
    0,
    5,
    20,
    50
  ]
}
